time,path,plate,plate_color
2023/8/24 14:49,C:\Users\MSI-NB\Desktop\20230518\20230518115139642.jpg,渝B.Y2229,黄色
2023/8/24 14:49,C:\Users\MSI-NB\Desktop\20230518\20230518115139642.jpg,川A.WT056,蓝色
2023/8/24 14:49,C:\Users\MSI-NB\Desktop\20230518\20230518115140752.jpg,川A.WT056,蓝色
2023/8/24 14:49,C:\Users\MSI-NB\Desktop\20230518\20230518115144152.jpg,川A.WT056,蓝色
2023/8/24 14:49,C:\Users\MSI-NB\Desktop\20230518\20230518115206290.jpg,苏F.3L5A7,蓝色
2023/8/24 14:49,C:\Users\MSI-NB\Desktop\20230518\20230518115234698.jpg,川S.98121,黄色
2023/8/24 14:49,C:\Users\MSI-NB\Desktop\20230518\20230518115234698.jpg,川A.R4H07,蓝色
2023/8/24 14:49,C:\Users\MSI-NB\Desktop\20230518\20230518115236037.jpg,川A.R4H07,蓝色
2023/8/24 14:49,C:\Users\MSI-NB\Desktop\20230518\20230518115238745.jpg,川A.R4H07,蓝色
2023/8/24 14:49,C:\Users\MSI-NB\Desktop\20230518\20230518115324167.jpg,川A.3D83D,蓝色
2023/8/24 14:49,C:\Users\MSI-NB\Desktop\20230518\20230518115406749.jpg,粤S.T7L05,蓝色
2023/8/24 14:49,C:\Users\MSI-NB\Desktop\20230518\20230518115415053.jpg,川R.8X098,蓝色
2023/8/24 14:49,C:\Users\MSI-NB\Desktop\20230518\20230518115418460.jpg,渝A.25LT1,蓝色
2023/8/24 14:49,C:\Users\MSI-NB\Desktop\20230518\20230518115435712.jpg,沪F.B3658,黄色
2023/8/24 14:49,C:\Users\MSI-NB\Desktop\20230518\20230518115435712.jpg,危险.品,黑色
2023/8/24 14:49,C:\Users\MSI-NB\Desktop\20230518\20230518115518940.jpg,川A.G7M83,蓝色
2023/8/24 14:49,C:\Users\MSI-NB\Desktop\20230518\20230518115532649.jpg,川R.60625,黄色
2023/8/24 14:49,C:\Users\MSI-NB\Desktop\20230518\20230518115532649.jpg,BB.DH,蓝色
2023/8/24 14:49,C:\Users\MSI-NB\Desktop\20230518\20230518115552863.jpg,晋A.247K7,蓝色
2023/8/24 14:49,C:\Users\MSI-NB\Desktop\20230518\20230518115604853.jpg,川J.75677,蓝色
2023/8/24 14:49,C:\Users\MSI-NB\Desktop\20230518\20230518115645088.jpg,渝D.265C6,蓝色
2023/8/24 14:50,C:\Users\MSI-NB\Desktop\20230518\20230518115732532.jpg,川S.C7511,黄色
2023/8/24 14:50,C:\Users\MSI-NB\Desktop\20230518\20230518115739939.jpg,粤G.7C853,蓝色
2023/8/24 14:50,C:\Users\MSI-NB\Desktop\20230518\20230518115755001.jpg,晋M.D2186,黄色
2023/8/24 14:50,C:\Users\MSI-NB\Desktop\20230518\20230518115858416.jpg,川A.6A8V6,蓝色
2023/8/24 14:50,C:\Users\MSI-NB\Desktop\20230518\20230518115915352.jpg,新C.E8P61,蓝色
2023/8/24 14:50,C:\Users\MSI-NB\Desktop\20230518\20230518120026066.jpg,渝A.0JS82,蓝色
2023/8/24 14:50,C:\Users\MSI-NB\Desktop\20230518\20230518120030724.jpg,川A.A68670,黄色
2023/8/24 14:50,C:\Users\MSI-NB\Desktop\20230518\20230518120041154.jpg,川F.81348,黄色
2023/8/24 14:50,C:\Users\MSI-NB\Desktop\20230518\20230518120527358.jpg,辽A.K37M3,蓝色
2023/8/24 14:50,C:\Users\MSI-NB\Desktop\20230518\20230518120527358.jpg,苏A.K6W52,蓝色
2023/8/24 14:50,C:\Users\MSI-NB\Desktop\20230518\20230518120529827.jpg,苏A.K6W52,蓝色
2023/8/24 14:50,C:\Users\MSI-NB\Desktop\20230518\20230518120539240.jpg,川A.V71M2,蓝色
2023/8/24 14:50,C:\Users\MSI-NB\Desktop\20230518\20230518120539240.jpg,川A.9MD66,蓝色
2023/8/24 14:50,C:\Users\MSI-NB\Desktop\20230518\20230518120942459.jpg,鲁E.J3310,黄色
2023/8/24 14:50,C:\Users\MSI-NB\Desktop\20230518\20230518120942459.jpg,危J.EK,黑色
2023/8/24 14:50,C:\Users\MSI-NB\Desktop\20230518\20230518120958448.jpg,川R.58EA0,蓝色
2023/8/24 14:50,C:\Users\MSI-NB\Desktop\20230518\20230518121030837.jpg,川C.80963,蓝色
2023/8/24 14:50,C:\Users\MSI-NB\Desktop\20230518\20230518121139761.jpg,豫J.B6212,黄色
2023/8/24 14:50,C:\Users\MSI-NB\Desktop\20230518\20230518121216753.jpg,川R.81KG9,蓝色
2023/8/24 14:50,C:\Users\MSI-NB\Desktop\20230518\20230518121248963.jpg,川A.75PY5,蓝色
2023/8/24 14:50,C:\Users\MSI-NB\Desktop\20230518\20230518121356862.jpg,川J.0D160,蓝色
2023/8/24 14:50,C:\Users\MSI-NB\Desktop\20230518\20230518121405012.jpg,渝D.65103,黄色
2023/8/24 14:50,C:\Users\MSI-NB\Desktop\20230518\20230518121437396.jpg,川R.A6469,蓝色
2023/8/24 14:50,C:\Users\MSI-NB\Desktop\20230518\20230518121500581.jpg,川A.4P86D,蓝色
2023/8/24 14:50,C:\Users\MSI-NB\Desktop\20230518\20230518121504875.jpg,川A.C4M91,蓝色
2023/8/24 14:50,C:\Users\MSI-NB\Desktop\20230518\20230518121518365.jpg,川R.35PB8,蓝色
2023/8/24 14:50,C:\Users\MSI-NB\Desktop\20230518\20230518121523903.jpg,渝A.87WV2,蓝色
2023/8/24 14:50,C:\Users\MSI-NB\Desktop\20230518\20230518121537696.jpg,川A.7T63N,蓝色
2023/8/24 14:50,C:\Users\MSI-NB\Desktop\20230518\20230518121544761.jpg,川A.14SP2,蓝色
2023/8/24 14:50,C:\Users\MSI-NB\Desktop\20230518\20230518121645664.jpg,川A.422FA,蓝色
2023/8/24 14:50,C:\Users\MSI-NB\Desktop\20230518\20230518121645664.jpg,川A.9MD66,蓝色
2023/8/24 14:50,C:\Users\MSI-NB\Desktop\20230518\20230518121653359.jpg,川R.11L87,蓝色
2023/8/24 14:50,C:\Users\MSI-NB\Desktop\20230518\20230518121653359.jpg,川A.9MD66,蓝色
2023/8/24 14:50,C:\Users\MSI-NB\Desktop\20230518\20230518121725260.jpg,川A.9MD66,蓝色
2023/8/24 14:50,C:\Users\MSI-NB\Desktop\20230518\20230518121732131.jpg,川G.H3P05,蓝色
2023/8/24 14:50,C:\Users\MSI-NB\Desktop\20230518\20230518121749403.jpg,渝A.F06001,绿色
2023/8/24 14:50,C:\Users\MSI-NB\Desktop\20230518\20230518121749403.jpg,青H.9237,黄色
2023/8/24 14:50,C:\Users\MSI-NB\Desktop\20230518\20230518121752042.jpg,川A.A92375,蓝色
2023/8/24 14:50,C:\Users\MSI-NB\Desktop\20230518\20230518121815264.jpg,川A.CN986,黄色
2023/8/24 14:50,C:\Users\MSI-NB\Desktop\20230518\20230518121838597.jpg,川G.02E03,蓝色
2023/8/24 14:50,C:\Users\MSI-NB\Desktop\20230518\20230518121847031.jpg,川R.A2377,蓝色
2023/8/24 14:50,C:\Users\MSI-NB\Desktop\20230518\20230518121847031.jpg,AA.K8358,绿色
2023/8/24 14:51,C:\Users\MSI-NB\Desktop\20230518\20230518121849151.jpg,川A.AK8356,黄色
2023/8/24 14:51,C:\Users\MSI-NB\Desktop\20230518\20230518121849151.jpg,晋粤.J2P,白色
2023/8/24 14:51,C:\Users\MSI-NB\Desktop\20230518\20230518121905750.jpg,川F.77HJ0,蓝色
2023/8/24 14:51,C:\Users\MSI-NB\Desktop\20230518\20230518122049326.jpg,皖J.16689,黄色
2023/8/24 14:51,C:\Users\MSI-NB\Desktop\20230518\20230518122147747.jpg,川A.W284S,蓝色
2023/8/24 14:51,C:\Users\MSI-NB\Desktop\20230518\20230518122152427.jpg,川A.396SG,蓝色
2023/8/24 14:51,C:\Users\MSI-NB\Desktop\20230518\20230518122218040.jpg,云A.941YD,蓝色
2023/8/24 14:51,C:\Users\MSI-NB\Desktop\20230518\20230518122219510.jpg,川A.Y9501,黄色
2023/8/24 14:51,C:\Users\MSI-NB\Desktop\20230518\20230518122243196.jpg,吉A.S2545,黄色
2023/8/24 14:51,C:\Users\MSI-NB\Desktop\20230518\20230518122312108.jpg,川A.H07A6,蓝色
2023/8/24 14:51,C:\Users\MSI-NB\Desktop\20230518\20230518122351424.jpg,川L.D7S75,蓝色
2023/8/24 14:51,C:\Users\MSI-NB\Desktop\20230518\20230518122351424.jpg,危0.9,黑色
2023/8/24 14:51,C:\Users\MSI-NB\Desktop\20230518\20230518122405026.jpg,川G.3DH09,蓝色
2023/8/24 14:51,C:\Users\MSI-NB\Desktop\20230518\20230518122405026.jpg,危0.2F,黑色
2023/8/24 14:51,C:\Users\MSI-NB\Desktop\20230518\20230518122447793.jpg,川B.77144,黄色
2023/8/24 14:51,C:\Users\MSI-NB\Desktop\20230518\20230518122512757.jpg,川A.4Q10V,蓝色
2023/8/24 14:51,C:\Users\MSI-NB\Desktop\20230518\20230518122537294.jpg,川A.7YK39,蓝色
2023/8/24 14:51,C:\Users\MSI-NB\Desktop\20230518\20230518122542054.jpg,川R.71489,黄色
2023/8/24 14:51,C:\Users\MSI-NB\Desktop\20230518\20230518122559399.jpg,苏F.A8L35,蓝色
2023/8/24 14:51,C:\Users\MSI-NB\Desktop\20230518\20230518122559399.jpg,AD.N02,蓝色
2023/8/24 14:51,C:\Users\MSI-NB\Desktop\20230518\20230518122603414.jpg,川G.32A25,蓝色
2023/8/24 14:51,C:\Users\MSI-NB\Desktop\20230518\20230518122603920.jpg,川R.19FG0,蓝色
2023/8/24 14:51,C:\Users\MSI-NB\Desktop\20230518\20230518122642242.jpg,川J.J1321,蓝色
2023/8/24 14:51,C:\Users\MSI-NB\Desktop\20230518\20230518122654553.jpg,川A.1R7Y5,蓝色
2023/8/24 14:51,C:\Users\MSI-NB\Desktop\20230518\20230518122654553.jpg,沪D.T105,白色
2023/8/24 14:51,C:\Users\MSI-NB\Desktop\20230518\20230518122700736.jpg,沪D.T105,黄色
2023/8/24 14:51,C:\Users\MSI-NB\Desktop\20230518\20230518122700736.jpg,川R.8X129,蓝色
2023/8/24 14:51,C:\Users\MSI-NB\Desktop\20230518\20230518122709302.jpg,川R.8X129,蓝色
2023/8/24 14:51,C:\Users\MSI-NB\Desktop\20230518\20230518122721143.jpg,川X.N8600,蓝色
2023/8/24 14:51,C:\Users\MSI-NB\Desktop\20230518\20230518122727232.jpg,川A.EK130,黄色
2023/8/24 14:52,C:\Users\MSI-NB\Desktop\20230518\20230518122733702.jpg,鄂Q.40023,黄色
2023/8/24 14:52,C:\Users\MSI-NB\Desktop\20230518\20230518122806872.jpg,川A.95D2P,蓝色
2023/8/24 14:52,C:\Users\MSI-NB\Desktop\20230518\20230518122806872.jpg,粤M.DT05,黄色
2023/8/24 14:52,C:\Users\MSI-NB\Desktop\20230518\20230518122822169.jpg,川A.7G83S,蓝色
2023/8/24 14:52,C:\Users\MSI-NB\Desktop\20230518\20230518122822169.jpg,01.T05,黄色
2023/8/24 14:52,C:\Users\MSI-NB\Desktop\20230518\20230518122825430.jpg,川J.27L89,蓝色
2023/8/24 14:52,C:\Users\MSI-NB\Desktop\20230518\20230518122829912.jpg,川R.P982D,蓝色
2023/8/24 14:52,C:\Users\MSI-NB\Desktop\20230518\20230518122829912.jpg,FM.1T05,黄色
2023/8/24 14:52,C:\Users\MSI-NB\Desktop\20230518\20230518122833692.jpg,川A.86P7J,蓝色
2023/8/24 14:52,C:\Users\MSI-NB\Desktop\20230518\20230518122837476.jpg,川A.AE2667,绿色
2023/8/24 14:52,C:\Users\MSI-NB\Desktop\20230518\20230518122837476.jpg,川A.F2M87,蓝色
2023/8/24 14:52,C:\Users\MSI-NB\Desktop\20230518\20230518122837476.jpg,L0.T05,黄色
2023/8/24 14:52,C:\Users\MSI-NB\Desktop\20230518\20230518122840338.jpg,川A.F2M87,蓝色
2023/8/24 14:52,C:\Users\MSI-NB\Desktop\20230518\20230518122840338.jpg,LL.M0T05,黄色
2023/8/24 14:52,C:\Users\MSI-NB\Desktop\20230518\20230518122922361.jpg,川S.V1117,蓝色
2023/8/24 14:52,C:\Users\MSI-NB\Desktop\20230518\20230518122941350.jpg,鄂L.1J010,黄色
2023/8/24 14:52,C:\Users\MSI-NB\Desktop\20230518\20230518123015662.jpg,川A.67Z0H,蓝色
2023/8/24 14:52,C:\Users\MSI-NB\Desktop\20230518\20230518123036352.jpg,川A.557Z4,蓝色
2023/8/24 14:52,C:\Users\MSI-NB\Desktop\20230518\20230518123150633.jpg,湘A.0LD35,蓝色
2023/8/24 14:52,C:\Users\MSI-NB\Desktop\20230518\20230518123150633.jpg,L0.T655,黄色
2023/8/24 14:52,C:\Users\MSI-NB\Desktop\20230518\20230518123222682.jpg,川P.M1TG55,黄色
2023/8/24 14:52,C:\Users\MSI-NB\Desktop\20230518\20230518123222682.jpg,51.27X602,蓝色
2023/8/24 14:52,C:\Users\MSI-NB\Desktop\20230518\20230518123222822.jpg,皖L.F9896Y,白色
2023/8/24 14:52,C:\Users\MSI-NB\Desktop\20230518\20230518123222822.jpg,沪D.T1055,绿色
2023/8/24 14:52,C:\Users\MSI-NB\Desktop\20230518\20230518123222972.jpg,R9.8029,黄色
2023/8/24 14:52,C:\Users\MSI-NB\Desktop\20230518\20230518123222972.jpg,粤L.1035,黄色
2023/8/24 14:52,C:\Users\MSI-NB\Desktop\20230518\20230518123222972.jpg,皖L.F9896,白色
2023/8/24 14:52,C:\Users\MSI-NB\Desktop\20230518\20230518123222972.jpg,琼A.BJ739,白色
2023/8/24 14:52,C:\Users\MSI-NB\Desktop\20230518\20230518123238378.jpg,浙A.B29575,白色
2023/8/24 14:52,C:\Users\MSI-NB\Desktop\20230518\20230518123238378.jpg,Q0.1T153,黄色
2023/8/24 14:52,C:\Users\MSI-NB\Desktop\20230518\20230518123238378.jpg,RR.E,蓝色
2023/8/24 14:52,C:\Users\MSI-NB\Desktop\20230518\20230518123241436.jpg,浙A.B29575,黄色
2023/8/24 14:52,C:\Users\MSI-NB\Desktop\20230518\20230518123241436.jpg,M1.63,黄色
2023/8/24 14:52,C:\Users\MSI-NB\Desktop\20230518\20230518123241436.jpg,粤R.险R,黑色
2023/8/24 14:52,C:\Users\MSI-NB\Desktop\20230518\20230518123241436.jpg,3P.,黑色
2023/8/24 14:52,C:\Users\MSI-NB\Desktop\20230518\20230518123301389.jpg,川A.198T8,蓝色
2023/8/24 14:52,C:\Users\MSI-NB\Desktop\20230518\20230518123301389.jpg,K7.006Y,蓝色
2023/8/24 14:52,C:\Users\MSI-NB\Desktop\20230518\20230518123301389.jpg,CA.MDT055,黄色
2023/8/24 14:53,C:\Users\MSI-NB\Desktop\20230518\20230518123303279.jpg,川A.198T8,蓝色
2023/8/24 14:53,C:\Users\MSI-NB\Desktop\20230518\20230518123303279.jpg,贵A.S0B13,蓝色
2023/8/24 14:53,C:\Users\MSI-NB\Desktop\20230518\20230518123303279.jpg,M9.0077,黄色
2023/8/24 14:53,C:\Users\MSI-NB\Desktop\20230518\20230518123303279.jpg,D1.053,黄色
2023/8/24 14:53,C:\Users\MSI-NB\Desktop\20230518\20230518123316835.jpg,LD.T055,黄色
2023/8/24 14:53,C:\Users\MSI-NB\Desktop\20230518\20230518123316835.jpg,LK.9802Y,蓝色
2023/8/24 14:53,C:\Users\MSI-NB\Desktop\20230518\20230518123402057.jpg,川0.MTD55,黄色
2023/8/24 14:53,C:\Users\MSI-NB\Desktop\20230518\20230518123402057.jpg,沪E.E7976,黄色
2023/8/24 14:53,C:\Users\MSI-NB\Desktop\20230518\20230518123402057.jpg,SA.602,黑色
2023/8/24 14:53,C:\Users\MSI-NB\Desktop\20230518\20230518123614567.jpg,AX.90067,蓝色
2023/8/24 14:53,C:\Users\MSI-NB\Desktop\20230518\20230518123629339.jpg,川A.FY623,黄色
2023/8/24 14:53,C:\Users\MSI-NB\Desktop\20230518\20230518123629339.jpg,C6.C9706学,黄色
2023/8/24 14:53,C:\Users\MSI-NB\Desktop\20230518\20230518123629339.jpg,PM.1T05,黄色
2023/8/24 14:53,C:\Users\MSI-NB\Desktop\20230518\20230518123642791.jpg,皖R.1479,黄色
2023/8/24 14:53,C:\Users\MSI-NB\Desktop\20230518\20230518123642791.jpg,61.97906学,黑色
2023/8/24 14:53,C:\Users\MSI-NB\Desktop\20230518\20230518123642791.jpg,M0.T055,黄色
2023/8/24 14:53,C:\Users\MSI-NB\Desktop\20230518\20230518123657462.jpg,鄂A.0B6T8,蓝色
2023/8/24 14:53,C:\Users\MSI-NB\Desktop\20230518\20230518123657462.jpg,X9.067,白色
2023/8/24 14:53,C:\Users\MSI-NB\Desktop\20230518\20230518123657462.jpg,CM.1TD55,黄色
2023/8/24 14:53,C:\Users\MSI-NB\Desktop\20230518\20230518123703420.jpg,川R.74533,黄色
2023/8/24 14:53,C:\Users\MSI-NB\Desktop\20230518\20230518123703420.jpg,粤P.CMT0P53,黄色
2023/8/24 14:53,C:\Users\MSI-NB\Desktop\20230518\20230518123703420.jpg,X9.06V学,黄色
2023/8/24 14:53,C:\Users\MSI-NB\Desktop\20230518\20230518123703420.jpg,险品.,白色
2023/8/24 14:53,C:\Users\MSI-NB\Desktop\20230518\20230518123706090.jpg,川J.9987D,蓝色
2023/8/24 14:53,C:\Users\MSI-NB\Desktop\20230518\20230518123706090.jpg,CX.0067,白色
2023/8/24 14:53,C:\Users\MSI-NB\Desktop\20230518\20230518123708260.jpg,川J.9987D,蓝色
2023/8/24 14:53,C:\Users\MSI-NB\Desktop\20230518\20230518123708260.jpg,川K.97807学,蓝色
2023/8/24 14:53,C:\Users\MSI-NB\Desktop\20230518\20230518123709880.jpg,川J.9987D,蓝色
2023/8/24 14:53,C:\Users\MSI-NB\Desktop\20230518\20230518123709880.jpg,宁S.M1T055,黄色
2023/8/24 14:53,C:\Users\MSI-NB\Desktop\20230518\20230518123709880.jpg,C6.709学,白色
2023/8/24 14:53,C:\Users\MSI-NB\Desktop\20230518\20230518123718220.jpg,川A.55W90,蓝色
2023/8/24 14:53,C:\Users\MSI-NB\Desktop\20230518\20230518123718220.jpg,C0.DT055,黄色
2023/8/24 14:53,C:\Users\MSI-NB\Desktop\20230518\20230518123718220.jpg,X9.69学,白色
2023/8/24 14:53,C:\Users\MSI-NB\Desktop\20230518\20230518123739792.jpg,川Y.9L389,蓝色
2023/8/24 14:53,C:\Users\MSI-NB\Desktop\20230518\20230518123739792.jpg,MM.DT0655,黄色
2023/8/24 14:53,C:\Users\MSI-NB\Desktop\20230518\20230518123739792.jpg,CX.9096学,白色
2023/8/24 14:53,C:\Users\MSI-NB\Desktop\20230518\20230518123755116.jpg,川A.FK6008,绿色
2023/8/24 14:53,C:\Users\MSI-NB\Desktop\20230518\20230518123755116.jpg,CM.DT055,黄色
2023/8/24 14:53,C:\Users\MSI-NB\Desktop\20230518\20230518123755116.jpg,川J.8682,蓝色
2023/8/24 14:53,C:\Users\MSI-NB\Desktop\20230518\20230518123800281.jpg,川J.8682P,蓝色
2023/8/24 14:53,C:\Users\MSI-NB\Desktop\20230518\20230518123800281.jpg,C沪.D1T055,黄色
2023/8/24 14:53,C:\Users\MSI-NB\Desktop\20230518\20230518123800281.jpg,K9.0077,白色
2023/8/24 14:53,C:\Users\MSI-NB\Desktop\20230518\20230518123813424.jpg,川F.6H6S0,蓝色
2023/8/24 14:53,C:\Users\MSI-NB\Desktop\20230518\20230518123813424.jpg,29.00967,白色
2023/8/24 14:53,C:\Users\MSI-NB\Desktop\20230518\20230518123813424.jpg,01.T05,黄色
2023/8/24 14:53,C:\Users\MSI-NB\Desktop\20230518\20230518123825352.jpg,川A.G1X51,蓝色
2023/8/24 14:53,C:\Users\MSI-NB\Desktop\20230518\20230518123825352.jpg,粤A.BR0Z7,白色
2023/8/24 14:53,C:\Users\MSI-NB\Desktop\20230518\20230518123825352.jpg,PM.1T05,黄色
2023/8/24 14:53,C:\Users\MSI-NB\Desktop\20230518\20230518123825352.jpg,X9.006学,白色
2023/8/24 14:53,C:\Users\MSI-NB\Desktop\20230518\20230518123857411.jpg,渝D.14205,黄色
2023/8/24 14:53,C:\Users\MSI-NB\Desktop\20230518\20230518123857411.jpg,F9.0077,白色
2023/8/24 14:53,C:\Users\MSI-NB\Desktop\20230518\20230518123857411.jpg,沪D.1T055,黄色
2023/8/24 14:53,C:\Users\MSI-NB\Desktop\20230518\20230518123912466.jpg,川V.17826,黄色
2023/8/24 14:53,C:\Users\MSI-NB\Desktop\20230518\20230518123912466.jpg,X3.7006C7,白色
2023/8/24 14:53,C:\Users\MSI-NB\Desktop\20230518\20230518123912466.jpg,沪0.1T055,黄色
2023/8/24 14:53,C:\Users\MSI-NB\Desktop\20230518\20230518124306269.jpg,川A.4112J,蓝色
2023/8/24 14:53,C:\Users\MSI-NB\Desktop\20230518\20230518124306269.jpg,X9.8027,白色
2023/8/24 14:53,C:\Users\MSI-NB\Desktop\20230518\20230518124317177.jpg,鲁A.06T1K,蓝色
2023/8/24 14:53,C:\Users\MSI-NB\Desktop\20230518\20230518124317177.jpg,川A.FM1061,绿色
2023/8/24 14:53,C:\Users\MSI-NB\Desktop\20230518\20230518124317177.jpg,危X.Y8027,白色
2023/8/24 14:53,C:\Users\MSI-NB\Desktop\20230518\20230518124320449.jpg,RX.Y0077,白色
2023/8/24 14:53,C:\Users\MSI-NB\Desktop\20230518\20230518124338781.jpg,川R.95JK1,蓝色
2023/8/24 14:53,C:\Users\MSI-NB\Desktop\20230518\20230518124338781.jpg,JD.T055,黄色
2023/8/24 14:53,C:\Users\MSI-NB\Desktop\20230518\20230518124338781.jpg,X9.067,白色
2023/8/24 14:53,C:\Users\MSI-NB\Desktop\20230518\20230518124406022.jpg,鄂A.EQ015,白色
2023/8/24 14:53,C:\Users\MSI-NB\Desktop\20230518\20230518124406022.jpg,M0.1T055,黄色
2023/8/24 14:53,C:\Users\MSI-NB\Desktop\20230518\20230518124412246.jpg,CF.AMT055,黄色
2023/8/24 14:53,C:\Users\MSI-NB\Desktop\20230518\20230518124412246.jpg,K9.0067,蓝色
2023/8/24 14:53,C:\Users\MSI-NB\Desktop\20230518\20230518124716872.jpg,渝A.V132Q,蓝色
2023/8/24 14:53,C:\Users\MSI-NB\Desktop\20230518\20230518124716872.jpg,MD.1T05,黄色
2023/8/24 14:53,C:\Users\MSI-NB\Desktop\20230518\20230518124716872.jpg,J5.2467,黄色
2023/8/24 14:53,C:\Users\MSI-NB\Desktop\20230518\20230518124725722.jpg,川J.52467,黄色
2023/8/24 14:53,C:\Users\MSI-NB\Desktop\20230518\20230518124725722.jpg,T沪.MDT055,黄色
2023/8/24 14:53,C:\Users\MSI-NB\Desktop\20230518\20230518124853215.jpg,川A.DC205,黄色
2023/8/24 14:53,C:\Users\MSI-NB\Desktop\20230518\20230518124853215.jpg,沪D.1T055,黄色
2023/8/24 14:54,C:\Users\MSI-NB\Desktop\20230518\20230518124908927.jpg,川A.T2382,黄色
2023/8/24 14:54,C:\Users\MSI-NB\Desktop\20230518\20230518124908927.jpg,川J.2552R,蓝色
2023/8/24 14:54,C:\Users\MSI-NB\Desktop\20230518\20230518124908927.jpg,TC.沪MDT055,黄色
2023/8/24 14:54,C:\Users\MSI-NB\Desktop\20230518\20230518124917573.jpg,川J.2552R,蓝色
2023/8/24 14:54,C:\Users\MSI-NB\Desktop\20230518\20230518124917573.jpg,TM.DT055,黄色
2023/8/24 14:54,C:\Users\MSI-NB\Desktop\20230518\20230518125007309.jpg,川A.EK736,黄色
2023/8/24 14:54,C:\Users\MSI-NB\Desktop\20230518\20230518125007309.jpg,沪M.T055,黄色
2023/8/24 14:54,C:\Users\MSI-NB\Desktop\20230518\20230518125007309.jpg,鲁P.AB990,黄色
2023/8/24 14:54,C:\Users\MSI-NB\Desktop\20230518\20230518125013717.jpg,鲁P.AB990,黄色
2023/8/24 14:54,C:\Users\MSI-NB\Desktop\20230518\20230518125013717.jpg,T沪.DT055,黄色
2023/8/24 14:54,C:\Users\MSI-NB\Desktop\20230518\20230518125026828.jpg,粤T.60B50,蓝色
2023/8/24 14:54,C:\Users\MSI-NB\Desktop\20230518\20230518125026828.jpg,川R.GM826,蓝色
2023/8/24 14:54,C:\Users\MSI-NB\Desktop\20230518\20230518125026828.jpg,J沪.MDT055,黄色
2023/8/24 14:54,C:\Users\MSI-NB\Desktop\20230518\20230518125029586.jpg,川R.GM826,蓝色
2023/8/24 14:54,C:\Users\MSI-NB\Desktop\20230518\20230518125029586.jpg,T沪.MDT055,黄色
2023/8/24 14:54,C:\Users\MSI-NB\Desktop\20230518\20230518125542499.jpg,豫R.QJ912,蓝色
2023/8/24 14:54,C:\Users\MSI-NB\Desktop\20230518\20230518125545641.jpg,川1.GF1Q75,蓝色
2023/8/24 14:54,C:\Users\MSI-NB\Desktop\20230518\20230518130028396.jpg,陕A.CP223,黄色
2023/8/24 14:54,C:\Users\MSI-NB\Desktop\20230518\20230518130036308.jpg,川S.BX345,蓝色
2023/8/24 14:54,C:\Users\MSI-NB\Desktop\20230518\20230518130057579.jpg,川J.18M16,蓝色
2023/8/24 14:54,C:\Users\MSI-NB\Desktop\20230518\20230518130136246.jpg,BB.品,白色
2023/8/24 14:54,C:\Users\MSI-NB\Desktop\20230518\20230518130136246.jpg,川R.91925,蓝色
2023/8/24 14:54,C:\Users\MSI-NB\Desktop\20230518\20230518130136246.jpg,K4.,黄色
2023/8/24 14:54,C:\Users\MSI-NB\Desktop\20230518\20230518130139537.jpg,川H.KM272,蓝色
2023/8/24 14:54,C:\Users\MSI-NB\Desktop\20230518\20230518130142279.jpg,湘D.2855,白色
2023/8/24 14:54,C:\Users\MSI-NB\Desktop\20230518\20230518130209613.jpg,川R.82FZ0,蓝色
2023/8/24 14:54,C:\Users\MSI-NB\Desktop\20230518\20230518130209613.jpg,R7.5P55,蓝色
2023/8/24 14:54,C:\Users\MSI-NB\Desktop\20230518\20230518130324956.jpg,赣G.87106,黄色
2023/8/24 14:54,C:\Users\MSI-NB\Desktop\20230518\20230518130326635.jpg,粤B.P81SU01,绿色
2023/8/24 14:54,C:\Users\MSI-NB\Desktop\20230518\20230518130400513.jpg,湘J.A6130,黄色
2023/8/24 14:54,C:\Users\MSI-NB\Desktop\20230518\20230518130400513.jpg,川A.FR130,黄色
2023/8/24 14:54,C:\Users\MSI-NB\Desktop\20230518\20230518130403804.jpg,川J.9159Y,蓝色
2023/8/24 14:54,C:\Users\MSI-NB\Desktop\20230518\20230518130432593.jpg,川J.7906H,蓝色
2023/8/24 14:54,C:\Users\MSI-NB\Desktop\20230518\20230518130451941.jpg,渝D.06V18,蓝色
2023/8/24 14:54,C:\Users\MSI-NB\Desktop\20230518\20230518130451941.jpg,川R.78576,白色
2023/8/24 14:54,C:\Users\MSI-NB\Desktop\20230518\20230518130459786.jpg,川R.78578,黄色
2023/8/24 14:54,C:\Users\MSI-NB\Desktop\20230518\20230518130602383.jpg,川A.YU146,蓝色
2023/8/24 14:54,C:\Users\MSI-NB\Desktop\20230518\20230518130617680.jpg,川J.2735E,蓝色
2023/8/24 14:54,C:\Users\MSI-NB\Desktop\20230518\20230518130617680.jpg,粤A.CJ986,蓝色
2023/8/24 14:54,C:\Users\MSI-NB\Desktop\20230518\20230518130624655.jpg,川J.CF818,蓝色
2023/8/24 14:54,C:\Users\MSI-NB\Desktop\20230518\20230518130625342.jpg,川A.CJ986,黄色
2023/8/24 14:54,C:\Users\MSI-NB\Desktop\20230518\20230518130658223.jpg,川A.U7373,黄色
2023/8/24 14:54,C:\Users\MSI-NB\Desktop\20230518\20230518130658223.jpg,湘A.9D831,蓝色
2023/8/24 14:54,C:\Users\MSI-NB\Desktop\20230518\20230518130701485.jpg,赣A.W31F3,蓝色
2023/8/24 14:54,C:\Users\MSI-NB\Desktop\20230518\20230518130702189.jpg,渝A.H8382,黄色
2023/8/24 14:54,C:\Users\MSI-NB\Desktop\20230518\20230518130702189.jpg,险B.,黄色
2023/8/24 14:54,C:\Users\MSI-NB\Desktop\20230518\20230518130702189.jpg,粤A.H88,黄色
2023/8/24 14:54,C:\Users\MSI-NB\Desktop\20230518\20230518130706168.jpg,赣A.W31F3,蓝色
2023/8/24 14:54,C:\Users\MSI-NB\Desktop\20230518\20230518130709934.jpg,辽B.281KU,蓝色
2023/8/24 14:54,C:\Users\MSI-NB\Desktop\20230518\20230518130709934.jpg,川A.DS928,蓝色
2023/8/24 14:54,C:\Users\MSI-NB\Desktop\20230518\20230518130713122.jpg,川J.E3910,蓝色
2023/8/24 14:54,C:\Users\MSI-NB\Desktop\20230518\20230518130718383.jpg,鲁A.29A2E,蓝色
2023/8/24 14:54,C:\Users\MSI-NB\Desktop\20230518\20230518130802459.jpg,川A.1UC27,蓝色
2023/8/24 14:55,C:\Users\MSI-NB\Desktop\20230518\20230518130808384.jpg,川X.Z0326,蓝色
2023/8/24 14:55,C:\Users\MSI-NB\Desktop\20230518\20230518130808384.jpg,川A.1WS9,蓝色
2023/8/24 14:55,C:\Users\MSI-NB\Desktop\20230518\20230518130826152.jpg,川A.5P68E,蓝色
2023/8/24 14:55,C:\Users\MSI-NB\Desktop\20230518\20230518130827888.jpg,川F.95DN3,蓝色
2023/8/24 14:55,C:\Users\MSI-NB\Desktop\20230518\20230518130827888.jpg,川R.95180,黄色
2023/8/24 14:55,C:\Users\MSI-NB\Desktop\20230518\20230518130842124.jpg,豫Q.GH486,蓝色
2023/8/24 14:55,C:\Users\MSI-NB\Desktop\20230518\20230518130842124.jpg,豫Q.FV486,蓝色
2023/8/24 14:55,C:\Users\MSI-NB\Desktop\20230518\20230518130842124.jpg,川A.WM043,蓝色
2023/8/24 14:55,C:\Users\MSI-NB\Desktop\20230518\20230518130842124.jpg,川A.A87803,绿色
2023/8/24 14:55,C:\Users\MSI-NB\Desktop\20230518\20230518130844363.jpg,冀Q.FV486,蓝色
2023/8/24 14:55,C:\Users\MSI-NB\Desktop\20230518\20230518130844363.jpg,川A.3Q6Z6,蓝色
2023/8/24 14:55,C:\Users\MSI-NB\Desktop\20230518\20230518130903490.jpg,川A.DQ299,蓝色
2023/8/24 14:55,C:\Users\MSI-NB\Desktop\20230518\20230518130915417.jpg,川F.89RP2,蓝色
2023/8/24 14:55,C:\Users\MSI-NB\Desktop\20230518\20230518130918092.jpg,川R.Y773C,蓝色
2023/8/24 14:55,C:\Users\MSI-NB\Desktop\20230518\20230518130918092.jpg,豫R.95180,黄色
2023/8/24 14:55,C:\Users\MSI-NB\Desktop\20230518\20230518130918525.jpg,川A.8W6E4,蓝色
2023/8/24 14:55,C:\Users\MSI-NB\Desktop\20230518\20230518130918525.jpg,湘A.63HT5,蓝色
2023/8/24 14:55,C:\Users\MSI-NB\Desktop\20230518\20230518130940192.jpg,鄂A.T107R,蓝色
2023/8/24 14:55,C:\Users\MSI-NB\Desktop\20230518\20230518130940192.jpg,R9.5180,黄色
2023/8/24 14:55,C:\Users\MSI-NB\Desktop\20230518\20230518130948160.jpg,川A.35W3G,蓝色
2023/8/24 14:55,C:\Users\MSI-NB\Desktop\20230518\20230518130948160.jpg,豫R.95180,黄色
2023/8/24 14:55,C:\Users\MSI-NB\Desktop\20230518\20230518130956706.jpg,川A.F27576,蓝色
2023/8/24 14:55,C:\Users\MSI-NB\Desktop\20230518\20230518130956706.jpg,豫R.95180,黄色
2023/8/24 14:55,C:\Users\MSI-NB\Desktop\20230518\20230518130957384.jpg,川1.S8N100,蓝色
2023/8/24 14:55,C:\Users\MSI-NB\Desktop\20230518\20230518130957384.jpg,川A.KZ419,蓝色
2023/8/24 14:55,C:\Users\MSI-NB\Desktop\20230518\20230518131000136.jpg,川A.KZ419,蓝色
2023/8/24 14:55,C:\Users\MSI-NB\Desktop\20230518\20230518131036235.jpg,川R.95180,黄色
2023/8/24 14:55,C:\Users\MSI-NB\Desktop\20230518\20230518131039887.jpg,川L.6Q82G,白色
2023/8/24 14:55,C:\Users\MSI-NB\Desktop\20230518\20230518131039887.jpg,川J.8275G,蓝色
2023/8/24 14:55,C:\Users\MSI-NB\Desktop\20230518\20230518131044555.jpg,川J.8275G,蓝色
2023/8/24 14:55,C:\Users\MSI-NB\Desktop\20230518\20230518131044555.jpg,川A.L5A24,蓝色
2023-08-24 15:23:33,C:\Users\MSI-NB\Desktop\20230518\20230518115139642.jpg,渝B.Y2229,黄色
2023-08-24 15:23:33,C:\Users\MSI-NB\Desktop\20230518\20230518115139642.jpg,川A.WT056,蓝色
2023-08-24 15:33:28,C:\Users\MSI-NB\Desktop\20230518\20230518115140752.jpg,川A.WT056,蓝色
